<?xml version="1.0" encoding="UTF-8"?>
<project-private xmlns="http://www.netbeans.org/ns/project-private/1">
    <editor-bookmarks xmlns="http://www.netbeans.org/ns/editor-bookmarks/2" lastBookmarkId="0"/>
    <open-files xmlns="http://www.netbeans.org/ns/projectui-open-files/2">
        <group>
            <file>file:/C:/Users/D_Ale/OneDrive/UNI/Reingenieria/Proyecto%20Final/GestionInventarios/web/modules/producto.html</file>
            <file>file:/C:/Users/D_Ale/OneDrive/UNI/Reingenieria/Proyecto%20Final/GestionInventarios/web/js/producto.js</file>
            <file>file:/C:/Users/D_Ale/OneDrive/UNI/Reingenieria/Proyecto%20Final/GestionInventarios/web/index.html</file>
            <file>file:/C:/Users/D_Ale/OneDrive/UNI/Reingenieria/Proyecto%20Final/GestionInventarios/web/js/fruitstore.js</file>
        </group>
    </open-files>
</project-private>
